Country Name,Country Code,West,North,East,South,GeonameID
Andorra,AD,1.4135734,42.655887500000006,1.7866939,42.4287475,3041565
United Arab Emirates,AE,51.5904085340001,26.0693916590001,56.381222289,22.6315119400001,290557
Afghanistan,AF,60.4720833972263,38.4907920755748,74.8894511481168,29.3770645357176,1149361
Antigua and Barbuda,AG,-61.906386729000005,17.729482678,-61.673633812000006,16.997852913000003,3576396
Anguilla,AI,-63.172970186,18.276289043000002,-62.965782689,18.15961884,3573511
Albania,AL,19.2639112711741,42.6611669383269,21.0574334835312,39.6448624829142,783754
Armenia,AM,43.447417525,41.3009930000001,46.6342220000001,38.840244,174982
Angola,AO,11.670196277,-4.3880634,24.0878856,-18.039104000000002,3351879
Antarctica,AQ,-179.9999,-60.515533,179.9999,-89.9999,6697173
Argentina,AR,-73.566302817,-21.777951173,-53.637962552,-55.0576984539999,3865483
American Samoa,AS,-171.090042,-11.047857,-169.418925,-14.373776,5880801
Austria,AT,9.53095237240833,49.0211627691393,17.1620685652599,46.3726520216244,2782113
Australia,AU,112.921113949,-10.059130975,153.638727019,-43.643194904,2077456
Aruba,AW,-70.06347981500001,12.623131233,-69.866001173,12.412106778,3577279
Åland,AX,19.310969323000002,60.49399356200001,21.021359934000003,59.90135939300001,661882
Azerbaijan,AZ,44.764683001,41.9123400010001,50.3700828550001,38.3922170010001,587116
Bosnia and Herzegovina,BA,15.728732108,45.276539649,19.6237016800001,42.555473846,3277605
Barbados,BB,-59.651011138,13.335128143,-59.420396444000005,13.044896628,3374084
Bangladesh,BD,89.032430407,23.526564698,91.896540435,21.719218206,1210997
Belgium,BE,2.54132898439873,51.5051118897455,6.40793743953125,49.496968483036,2802361
Burkina Faso,BF,-5.51324157299996,15.084033447,2.40435976900005,9.41047177500008,2361809
Bulgaria,BG,22.357156800000002,44.2154806,28.607429551000003,41.235341500000004,732800
Bahrain,BH,50.3158550000001,26.3308150010001,50.720622,25.790910001,290291
Burundi,BI,29.0009680000001,-2.30973016299993,30.84954,-4.46932899899997,433561
Benin,BJ,0.775412326000037,12.4086110000001,3.84306303800003,6.23477794100006,2395170
Saint Barthélemy,BL,-62.8739118253784,17.928808791949283,-62.788983372985854,17.878183227405575,3578476
Bermuda,BM,-64.8870418687384,32.3909785046382,-64.6473267161152,32.247240870129,3573345
Brunei,BN,114.075926291,5.04571171901151,115.364671704,4.00264384400003,1820814
Bolivia,BO,-69.644939573,-9.66932299899997,-57.4538029999999,-22.89809,3923057
"Bonaire, Sint Eustatius, and Saba",BQ,-68.421178846,12.311868424,-68.195332674,12.025647971000001,7626844
Brazil,BR,-73.98281700000001,5.2717863,-32.391076267,-32.655733109,3469034
Bahamas,BS,-78.999528159018,26.919243,-74.423874,22.852743,3572887
Bhutan,BT,88.7455215570001,28.246987001,92.12523192,26.702020985,1252634
Bouvet Island,BV,3.286359958,-54.38673682300001,3.43339585,-54.452306883000006,3371123
Botswana,BW,19.998903,-17.778136999,29.375304,-26.907545,933860
Belarus,BY,23.1781980010001,56.1724940010001,32.776820001,51.262011,630336
Belize,BZ,-89.22758800000001,18.495942,-87.76179484000001,15.885619,3582678
Canada,CA,-141.0018584,83.113214493,-52.619079929,41.6765678,6251999
Cocos (Keeling) Islands,CC,96.816941408,-12.072459094,96.929489344,-12.208725839,1547376
DR Congo,CD,12.202361491,5.39200300000005,31.3146120000001,-13.459034999,203312
Central African Republic,CF,14.4150980000001,11.017957,27.4583050000001,2.22305300000005,239880
Congo Republic,CG,11.1520760600001,3.70779100000004,18.65042119,-5.04072158799994,2260494
Switzerland,CH,5.95661377423453,47.8098679329775,10.4934735095497,45.8191539516188,2658434
Ivory Coast,CI,-8.60205899999994,10.740015,-2.49303099999997,4.36035248000007,2287781
Cook Islands,CK,-161.105922999,-10.024169,-157.32204534500002,-21.958539727,1899402
Chile,CL,-80.8370287079999,-17.4977759459999,-66.416152278,-55.909795409,3895114
Cameroon,CM,8.49843402900007,13.083334,16.1944080000001,1.65590000000003,2233387
China,CN,73.4994140000001,53.560974001,134.7754563,15.775416,1814991
Colombia,CO,-81.735775648,13.38600323,-66.8472153989999,-4.22839224299997,3686110
Costa Rica,CR,-85.9502523586265,11.2197589122308,-82.552318987959,8.03962731803416,3624060
Cuba,CU,-84.952245207,23.205106375,-74.131757291,19.826172913,3562981
Cabo Verde,CV,-25.361204280000003,17.206296667,-22.664677706000003,14.812322458,3374766
Curaçao,CW,-69.162557726,12.392445451,-68.736739869,12.034003977000001,7626836
Christmas Island,CX,105.533276992,-10.412356007,105.712596992,-10.5704829995,2078138
Cyprus,CY,32.271016385336786,35.69493443939431,34.5877096808548,34.632303001,146669
Czechia,CZ,12.0906691601139,51.0557782422661,18.8592743799298,48.551892864201,3077311
Germany,DE,5.8663152683722,55.0583836008072,15.0418156516163,47.2701236047002,2921044
Djibouti,DJ,41.7708460000001,12.7136967920001,43.4175099920001,10.9129530000001,223816
Denmark,DK,8.07250975308422,57.3282078631757,15.1569721573943,54.5590783718363,2623032
Dominica,DM,-61.480074771000005,15.639513083,-61.240777722000004,15.207302633000001,3575830
Dominican Republic,DO,-72.0114723981787,19.9321257501267,-68.3229591969468,17.5395066830409,3508796
Algeria,DZ,-8.66761116299995,37.089801381,11.9984999060001,18.968147,2589581
Ecuador,EC,-81.0836838953894,1.43523516349953,-75.1871465547501,-5.01615732302488,3658394
Estonia,EE,21.828243949,59.67520158600001,28.209323191000003,57.509312800000004,453733
Egypt,EG,24.6967750000001,31.6709930000001,35.7935441020001,21.724952,357994
Western Sahara,EH,-17.10418129,27.667401638,-8.667525000000001,20.771664961000003,2461445
Eritrea,ER,36.434007751,18.004838997,43.1368865700001,12.3543041790001,338010
Spain,ES,-9.30151567231899,43.7913565913767,4.32778473043961,36.0001044260548,2510769
Ethiopia,ET,32.997734001,14.894214,48.0010560010001,3.40413700100004,337996
Finland,FI,20.548636700000003,70.0922932,31.5867034,59.807848896,660013
Fiji,FJ,177.140015279982,-12.4795295382484,-178.432146772,-20.673852409000002,2205218
Falkland Islands,FK,-61.3474566739999,-51.2331394719999,-57.718087652,-52.383984175,3474414
Micronesia,FM,137.33648,10.08904,163.03717,1.02629,2081918
Faroe Islands,FO,-7.688191677774624,62.3938884414274,-6.25655957192113,61.3910302656013,2622320
France,FR,-5.14127657354623,51.0889894407743,9.56009360694225,41.3645589826522,3017382
Gabon,GA,8.69940944700005,2.31810900100004,14.5269230000001,-3.96180775999994,2400553
United Kingdom,GB,-8.61772077108559,59.3607741849963,1.7689121033873,49.9028622252397,2635167
Grenada,GD,-61.80247620963,12.318283928171299,-61.57676970108031,11.9869539231552,3580239
Georgia,GE,40.006604,43.586627,46.736119,41.055156100000005,614540
French Guiana,GF,-54.6024155447667,5.74725188917531,-51.619065827085,2.11107565187642,3381670
Guernsey,GG,-2.676158606,49.732650434,-2.15661384,49.407357411,3042362
Ghana,GH,-3.26078599999994,11.174952907,1.19948138100006,4.73894544800004,2300660
Gibraltar,GI,-5.366033708000001,36.1550302,-5.337457613000001,36.108417452000005,2411586
Greenland,GL,-73.02829874000001,83.666250438,-11.415399203000002,59.773352049,3425505
The Gambia,GM,-16.813880921000003,13.825058100000001,-13.791386200000002,13.06389831,2413451
Guinea,GN,-14.919164658000001,12.674861300000002,-7.637853000000001,7.1906045,2420477
Guadeloupe,GP,-61.5508178989899,16.5144923539361,-61.0019590353041,15.8665030910918,3579143
Equatorial Guinea,GQ,9.34069443,2.34792018,11.33743668,0.92086101,2309096
Greece,GR,19.3736035624134,41.7484999849641,28.2470831714347,34.8020663391466,390903
South Georgia and South Sandwich Islands,GS,-38.0479509639999,-53.980896636,-26.252069712,-59.46319341,3474415
Guatemala,GT,-92.231143101,17.815695169,-88.233001934,13.7400210010001,3595528
Guam,GU,144.618318,13.654402,144.956894,13.23376,4043988
Guinea-Bissau,GW,-16.667235795,12.686947,-13.626523,10.921182632,2372248
Guyana,GY,-61.4108317,8.405275345,-56.49112,1.164724,3378535
Hong Kong,HK,113.839212676903,22.5619493557973,114.441993257571,22.1552256413502,1819730
Heard and McDonald Islands,HM,72.583712483,-52.915310109,73.876616094,-53.194220878,1547314
Honduras,HN,-89.3564822,16.515996751,-83.12893683600001,12.9808202,3608932
Croatia,HR,13.489818351,46.555020500000005,19.447372100000003,42.686594828000004,3202326
Haiti,HT,-74.480430603,20.089481152,-71.62175400000001,18.021640916000003,3723988
Hungary,HU,16.113795,48.585336,22.896564336,45.7370495590001,719819
Indonesia,ID,95.0111465000001,5.90722980000004,141.0194,-10.9431056999999,1643084
Ireland,IE,-10.4800035816853,55.3829431564742,-5.99804990172185,51.4475491577615,2963597
Israel,IL,34.267257,33.2908350000001,35.67033,29.490654862,294640
Isle of Man,IM,-4.79430574571353,54.4178825685258,-4.30802074695987,54.0536251033159,3042225
India,IN,68.451157765,35.6739668609106,97.4152926679075,6.756488981,1269750
British Indian Ocean Territory,IO,71.311290027,-5.279533272,72.230204978,-6.207870302000001,1282588
Iraq,IQ,38.7936740000001,37.380746001,48.6117360000001,29.0612080000001,99237
Iran,IR,44.032638708,39.7822393340001,63.333337,25.060388566,130758
Iceland,IS,-24.5326753866625,66.5377933098397,-13.4946206239501,63.394392778588,2629691
Italy,IT,6.62662135986088,47.0917837415439,18.5203814091888,36.6440816661648,3175395
Jersey,JE,-2.256828534,49.262085141,-2.016521809,49.162639832,3042142
Jamaica,JM,-78.3690062954957,18.524766185516,-76.1830989848426,17.7059966193696,3489940
Jordan,JO,34.955471039,33.374735,39.3011540000001,29.1850360010001,248816
Japan,JP,122.933653061,45.52295736,145.817458885,24.255169441,1861060
Kenya,KE,33.9098210000001,5.03342100100002,41.9069450000001,-4.67989449199996,192950
Kyrgyzstan,KG,69.26406010000001,43.266184800000005,80.2281514,39.180972600000004,1527747
Cambodia,KH,102.3336584,14.690179,107.62768700000001,10.4044675,1831722
Kiribati,KI,169.548692,3.93942799999973,-150.2345115032905,-11.4460499999991,4030945
Comoros,KM,43.229447492000006,-11.364901803,44.540496038,-12.391376681,921929
St Kitts and Nevis,KN,-62.864195683000005,17.417971063,-62.539445108,17.094041539000003,3575174
North Korea,KP,124.30949351800001,43.009170000000005,130.69807515,37.676415029000005,1873107
South Korea,KR,125.887442375577,38.5933891092225,129.583016157998,33.1954102977009,1835841
Kuwait,KW,46.55304,30.103699100000004,48.430707508000005,28.524446,285570
Cayman Islands,KY,-81.420590362,19.756924232000003,-79.722724161,19.262405779,3580718
Kazakhstan,KZ,46.4936720000001,55.441984001,87.3154150010001,40.5686884990001,1522867
Laos,LA,100.083872,22.50904495,107.635093936,13.909720001,1655842
Lebanon,LB,35.103668213,34.6920900000001,36.62372,33.0550260000001,272103
Saint Lucia,LC,-61.07995730159752,14.110317287646,-60.8732306422271,13.7072692224982,3576468
Liechtenstein,LI,9.4716831,47.270574200000006,9.6356923,47.0484281,3042058
Sri Lanka,LK,79.6505518289324,9.83586297688552,81.8790900303934,5.91869676126554,1227603
Liberia,LR,-11.4993114059999,8.55198600000006,-7.36925499999995,4.35326143300006,2275384
Lesotho,LS,27.011229998,-28.5708,29.4557099420001,-30.6755750029999,932692
Lithuania,LT,20.941528,56.4504065100001,26.8355231,53.89679499,597427
Luxembourg,LU,5.735698938390786,50.182772453796446,6.5308980672559525,49.447858677765716,2960313
Latvia,LV,20.9621192713114,58.0855687987932,28.2414937252949,55.6746813658222,458258
Libya,LY,9.391466300000001,33.166502251000004,25.149240494,19.5,2215636
Morocco,MA,-13.1722970399999,35.922341095,-0.996975780999946,27.6672694750001,2542007
Monaco,MC,7.409077600000001,43.7519093,7.440037831000001,43.724488524,2993457
Moldova,MD,26.6164249990001,48.492029003,30.1635900000001,45.4674379630001,617790
Montenegro,ME,18.4335595800001,43.558230232,20.352926,41.868751527,3194884
Saint Martin,MF,-63.153103465,18.124597291,-63.010251297,18.0457313,3578421
Madagascar,MG,43.220079751,-11.952634594000001,50.486374859,-25.604970374,1062947
Marshall Islands,MH,165.52220278500002,14.630405313,171.93520866900002,5.590593336,2080185
North Macedonia,MK,20.4524230000001,42.3736460000001,23.0340440310001,40.8539489400001,718075
Mali,ML,-12.240344643,25.001084,4.26666786900006,10.147811,2453866
Myanmar,MM,92.17197780000001,28.547763300000003,101.1702717,9.785348390000001,1327865
Mongolia,MN,87.7344790560001,52.1483550020001,119.931509803,41.5818330000001,2029969
Macao,MO,113.52872988200001,22.217059000000003,113.59286193700001,22.109714116000003,1821275
Northern Mariana Islands,MP,144.88626,20.55344,146.06528,14.11023,4041468
Martinique,MQ,-61.229041406022,14.8787232943029,-60.8096896756103,14.3946961023016,3570311
Mauritania,MR,-17.068727600000003,27.3158917,-4.8341333,14.721273,2378080
Montserrat,MS,-62.241642326000004,16.823976028,-62.144368171,16.674434235,3578097
Malta,MT,14.1834251000001,36.0821530995456,14.5764915000002,35.8061835000002,2562770
Mauritius,MU,56.585206416000005,-10.336914977000001,63.502770681,-20.525962167000003,934292
Maldives,MV,72.71436390532806,7.09404881285051,73.59108723355475,-0.703668913858034,1282028
Malawi,MW,32.6725205490001,-9.36722739199996,35.9185731040001,-17.1295217059999,927384
Mexico,MX,-118.365853993,32.7187271,-86.710518546,14.534548000000001,3996063
Malaysia,MY,99.6407165520001,7.36333513300002,119.269721985,0.855000972000028,1733045
Mozambique,MZ,30.2155500000001,-10.4731756319999,40.838104211,-26.868162,1036973
Namibia,NA,11.737502061,-16.963488173,25.2617520000001,-28.9706389999999,3355338
New Caledonia,NC,163.56999618400002,-19.540235966,168.13386857,-22.695222359000002,2139685
Niger,NE,0.162193643000023,23.5149999920001,15.9990340000001,11.6937560000001,2440476
Norfolk Island,NF,167.914101442,-28.995059758000004,167.997572934,-29.0633027,2155115
Nigeria,NG,2.663560999000026,13.885645000000068,14.677982000000043,4.27058531900002,2328926
Nicaragua,NI,-87.69112585500001,15.029737,-82.735454229,10.708055,3617476
The Netherlands,NL,3.35837827202,53.5157125645109,7.22749859212922,50.7503674993741,2750405
Norway,NO,4.64182374183584,71.1854764998959,31.063740342248376,57.97987783489344,3144096
Nepal,NP,80.058450824,30.447389748,88.2015257450001,26.3479660710001,1282988
Nauru,NR,166.90968999999996,-0.502657000000004,166.95899600000007,-0.5541467234752249,2110425
Niue,NU,-169.95010424900002,-18.952488991000003,-169.774500025,-19.154505229,4036232
New Zealand,NZ,166.72353,-34.392812824,-180,-47.290029537,2186224
Oman,OM,52,26.38837201,59.839632204000004,16.650124646000002,286963
Panama,PA,-83.0523988577088,9.6474132494631,-77.1563637579897,7.20236920646422,3703430
Peru,PE,-81.328220367,-0.038777,-68.6523092,-18.3523111,3932488
French Polynesia,PF,-151.763191635,-7.898066269,-134.92922394,-27.649874,4030656
Papua New Guinea,PG,140.841969,-1.315125882,155.968347972,-11.655101821,2088628
Philippines,PH,116.9288644959,21.1218854788318,126.60497402182328,4.64209796365014,1694008
Pakistan,PK,60.8729720000001,37.0841070010001,77.0132974640001,23.769527435,1168579
Poland,PL,14.1228850233809,54.8357886595169,24.1457828491313,49.0020465193443,798544
Saint Pierre and Miquelon,PM,-56.405724729000006,47.14403996,-56.125471721000004,46.782640295,3424932
Pitcairn Islands,PN,-128.356974573,-24.331750000000003,-124.777138999,-24.673778000000002,4030699
Puerto Rico,PR,-67.9461344974432,18.5159687270238,-65.2442099429843,17.9269004394039,4566966
Palestine,PS,34.2186994300001,32.5520881030001,35.5740520000001,31.2200520000001,6254930
Portugal,PT,-9.50052660716588,42.154311127408,-6.18915930748288,36.96125,2264397
Palau,PW,131.11788,8.46966,134.72307,2.8036,1559582
Paraguay,PY,-62.6446174378624,-19.2896000004762,-54.2589239104835,-27.5918335646318,3437598
Qatar,QA,50.750030995,26.1578818880001,51.6315537500001,24.4711111230001,289688
Réunion,RE,55.2165259976951,-20.8718271541163,55.8366292267104,-21.3896307613732,935317
Romania,RO,20.2619949052262,48.2653912058468,29.7152986907701,43.6190166499833,798549
Serbia,RS,18.838044043,46.189446,23.0063870060001,42.2315030010001,6290252
Russia,RU,19.25,81.857323999,-169.05,41.185353,2017370
Rwanda,RW,28.8617308206209,-1.04716670707785,30.8997466415943,-2.84023010213747,49518
Saudi Arabia,SA,34.495693,32.1542840000001,55.6667,16.379528001,102358
Solomon Islands,SB,155.51227512,-6.58897397999996,166.99122396,-11.88141903,2103350
Seychelles,SC,46.209040537,-4.288184846,56.29439287500001,-9.753682643000001,241170
Sudan,SD,21.8146345210001,23.1464092140001,38.5822502880001,9.48888700000003,366755
Sweden,SE,11.109499387126,69.0599672666879,24.155245238099,55.3374438220002,2661886
Singapore,SG,103.605700705134,1.47077483208476,104.043617447514,1.21065456224784,1880251
Saint Helena,SH,-14.420536315000001,-7.890104563,-5.633942957,-16.027609832,3370751
Slovenia,SI,13.3753342064709,46.8766275518195,16.6106311807,45.421812998164,3190538
Svalbard and Jan Mayen,SJ,17.711518465,80.75778849400001,33.516285124,79.20282063100001,607072
Slovakia,SK,16.8334234020001,49.6137360000001,22.5657383340001,47.7313590000001,3057568
Sierra Leone,SL,-13.302128077,9.99997300000007,-10.2716829999999,6.92343700100002,2403846
San Marino,SM,12.403605260165023,43.9920929668161,12.51584904544211,43.8937002210188,3168068
Senegal,SN,-17.52917099,16.692957200000002,-11.3457684,12.3072891,2245662
Somalia,SO,40.991247200000004,11.987905502,51.415227890000004,-1.66186031,51537
Suriname,SR,-58.0715215,6.005155563000001,-53.9799257,1.837306,3382998
South Sudan,SS,23.4408490000001,12.236389,35.9489970000001,3.48898000000003,7909807
São Tomé and Príncipe,ST,6.462357307,1.693975253,7.462481939000001,0.02066156,2410758
El Salvador,SV,-90.134654476,14.450557001,-87.692162,13.153004391,3585968
Sint Maarten,SX,-63.13898356200001,18.064114800000002,-63.013826345000005,18.005472226000002,7609695
Syria,SY,35.587211,37.3205689060001,42.376309,32.311136,163843
Eswatini,SZ,30.7906400000001,-25.7179199999999,32.1349066610001,-27.317402,934841
Turks and Caicos Islands,TC,-72.482806678,21.865152583,-71.12611550300001,21.422660546000003,3576916
Chad,TD,13.47,23.4523611160001,24.0000000000001,7.44297500000005,2434508
French Southern Territories,TF,50.165338948000006,-37.792188233000005,77.599027201,-49.733459473,1546748
Togo,TG,-0.144041999999956,11.1394984250001,1.80890722900006,6.11225958700004,2363686
Thailand,TH,97.34339600000001,20.465143,105.636812,5.612851,1605651
Tajikistan,TJ,67.3420120000001,41.0443670000001,75.1539560000001,36.672037001,1220409
Tokelau,TK,-171.864837864,-9.108554317000001,-171.768725832,-9.227558487000001,4031074
Timor-Leste,TL,124.04464721679688,-8.12687015533447,127.34211730957031,-9.504650115966797,1966436
Turkmenistan,TM,52.4455780650001,42.7982617260001,66.7073530000001,35.1290930000001,1218197
Tunisia,TN,7.52252789300007,37.5419886350001,11.608143339,30.2415834110001,2464461
Tonga,TO,-175.67962556356,-15.566146670329,-173.902137947337,-21.4564838739226,4032283
Türkiye,TR,25.6665057269225,42.104895001,44.81812800000006,35.8121761290001,298795
Trinidad and Tobago,TT,-61.931208993000006,11.346715214000001,-60.517431155000004,10.04244253,3573591
Tuvalu,TV,176.059056543963,-5.64246006144929,179.871049968689,-10.791580457901,2110297
Taiwan,TW,119.54105147400001,25.299417496,122.00658988900001,21.896860123,1668284
Tanzania,TZ,29.34,-0.984396999999944,40.4448279960001,-11.761254,149590
Ukraine,UA,22.137078,52.3793713250001,40.22048033,44.3820571900001,690791
Uganda,UG,29.573465338129,4.23136926690327,35.0010535324228,-1.48153052848838,226074
U.S. Outlying Islands,UM,-177.396594001,28.219882000000002,166.657201837,-0.380836502,5854968
United States,US,-124.73259849600001,49.3844873,-66.949185723,24.543938895,6252001
Uruguay,UY,-58.4393489790361,-30.0855024328825,-53.1810509360802,-34.9740543027064,3439705
Uzbekistan,UZ,55.9982180000001,45.5900750010001,73.1489460000001,37.172269828,1512440
Vatican City,VA,12.44570678169205,41.90743830885576,12.45837546629481,41.90027960306854,3164670
St Vincent and Grenadines,VC,-61.4608524069999,13.3831850654817,-61.1149220521562,12.5839734740001,3577815
Venezuela,VE,-73.367039,12.197061539,-59.805508700000004,0.647529,3625428
British Virgin Islands,VG,-64.716683919,18.749786617,-64.270411427,18.380604991000002,3577718
U.S. Virgin Islands,VI,-65.101333,18.415382,-64.565193,17.673931,4796775
Vietnam,VN,102.1439155,23.392650600000003,109.461706733,8.639453000000001,1562822
Vanuatu,VU,166.541563758726,-13.0717069251352,169.904111113607,-20.2524399918312,2134431
Wallis and Futuna,WF,-178.181766889147,-13.2169133113924,-176.161967235958,-14.3124693963595,4034749
Samoa,WS,-172.80340826,-13.439860841000002,-171.42334263700002,-14.04874773,4034894
Kosovo,XK,20.014284,43.2676851730001,21.7898670000001,41.857641001,831053
Yemen,YE,42.534004661000004,18.999633000000003,54.534396920000006,12.108116044,69543
Mayotte,YT,45.0398136630555,-12.6507257773157,45.2999850886235,-13.0000903911179,1024031
South Africa,ZA,16.45189,-22.1250300579999,32.944984945,-34.8341700029999,953987
Zambia,ZM,21.999350925,-8.20328399999994,33.7090304810001,-18.077418,895949
Zimbabwe,ZW,25.2373680000001,-15.609318999,33.0682360000001,-22.421998999,878675
